{
    "c0_ref": {
        "La": 1.0,
        "Dy": 0.32,
        "Er": 0.12,
        "Ho": 0.052,
        "Sm": 0.41,
        "Yb": 0.08
    },
    "loading_rate": {
        "La": 9.43138198040347e-05,
        "Dy": 9.43138198040347e-05,
        "Er": 9.43138198040347e-05,
        "Ho": 9.43138198040347e-05,
        "Sm": 9.43138198040347e-05,
        "Yb": 9.43138198040347e-05
    },
    "mass_transfer_coeff": {
        "La": 83.22416280992222,
        "Dy": 59.484016710115064,
        "Er": 1.7286360467604134,
        "Ho": 75.60499429888984,
        "Sm": 77.67086243578649,
        "Yb": 41.26897106783112
    },
    "freundlich_n": {
        "La": 1.0000026107532496,
        "Dy": 1.000003681926298,
        "Er": 1.0001257362841591,
        "Ho": 1.0000030377701503,
        "Sm": 1.0000027974184122,
        "Yb": 1.0000052673068462
    },
    "bv_50": {
        "La": 56.32137778092139,
        "Dy": 64.1931100064633,
        "Er": 79.5742013052232,
        "Ho": 54.08209908870865,
        "Sm": 67.48274394895874,
        "Yb": 53.16220908663995
    }
}
