{
  "feed": {
    "fresh_feed": {
      "BaO": 115.267,
      "CaO": 174.4795,
      "REO": 60.791500000000006,
      "SrO": 39.475,
      "inert_gangue": 399.487
    }
  },
  "scenarios": {
    "figure2_mass_balance": {
      "description": "Recoveries calculated from Figure 2 stream masses and assays for the connected recycle circuit.",
      "initial_streams": {
        "cleaner1_concentrate": {
          "BaO": 15.461826633789645,
          "CaO": 32.349859703687414,
          "REO": 226.51578247779213,
          "SrO": 38.66988123201796,
          "inert_gangue": 163.77589958657876
        },
        "cleaner1_feed": {
          "BaO": 36.69606854419409,
          "CaO": 70.19476406937103,
          "REO": 302.8583293643668,
          "SrO": 67.4333209798785,
          "inert_gangue": 289.92194264861837
        },
        "cleaner1_tails": {
          "BaO": 21.234241910404442,
          "CaO": 37.844904365683625,
          "REO": 76.34254688657468,
          "SrO": 28.76343974786054,
          "inert_gangue": 126.14604306203961
        },
        "cleaner2_concentrate": {
          "BaO": 35.72901913844218,
          "CaO": 44.18506765599566,
          "REO": 127.27984489024442,
          "SrO": 47.65514167248997,
          "inert_gangue": 0.0
        },
        "cleaner2_feed": {
          "BaO": 50.59566034052597,
          "CaO": 74.64731784465468,
          "REO": 305.49639336977964,
          "SrO": 82.5383364794892,
          "inert_gangue": 163.77589958657876
        },
        "cleaner2_tails": {
          "BaO": 14.86664120208379,
          "CaO": 30.462250188659027,
          "REO": 178.21654847953525,
          "SrO": 34.88319480699923,
          "inert_gangue": 163.77589958657882
        },
        "cleaners34_concentrate": {
          "BaO": 0.5951854317058531,
          "CaO": 1.8876095150283834,
          "REO": 48.299233998256895,
          "SrO": 3.786686425018731,
          "inert_gangue": 0.0
        },
        "cleaners34_tails": {
          "BaO": 35.133833706736326,
          "CaO": 42.29745814096727,
          "REO": 78.98061089198754,
          "SrO": 43.86845524747124,
          "inert_gangue": 0.0
        },
        "final_tails": {
          "BaO": 114.67181456829415,
          "CaO": 172.5918904849716,
          "REO": 12.492266001743118,
          "SrO": 35.68831357498127,
          "inert_gangue": 399.48699999999997
        },
        "rougher_concentrate": {
          "BaO": 21.8294273421103,
          "CaO": 39.732513880712006,
          "REO": 124.64178088483158,
          "SrO": 32.550126172879274,
          "inert_gangue": 126.14604306203961
        },
        "rougher_feed": {
          "BaO": 124.06899701027245,
          "CaO": 191.23370400910935,
          "REO": 132.27994974374232,
          "SrO": 60.55808151398151,
          "inert_gangue": 467.66231415056876
        },
        "rougher_tails": {
          "BaO": 102.23956966816216,
          "CaO": 151.50119012839733,
          "REO": 7.638168858910761,
          "SrO": 28.007955341102242,
          "inert_gangue": 341.5162710885291
        },
        "scavenger_concentrate": {
          "BaO": 8.801997010272457,
          "CaO": 16.754204009109362,
          "REO": 71.48844974374232,
          "SrO": 21.08308151398151,
          "inert_gangue": 68.17531415056874
        },
        "scavenger_tails": {
          "BaO": 12.432244900131986,
          "CaO": 21.090700356574267,
          "REO": 4.854097142832357,
          "SrO": 7.68035823387903,
          "inert_gangue": 57.97072891147087
        }
      },
      "recoveries": {
        "cleaner1": {
          "BaO": 0.4213483146067416,
          "CaO": 0.4608585858585859,
          "REO": 0.7479265402843602,
          "SrO": 0.5734536082474228,
          "inert_gangue": 0.5648965307364577
        },
        "cleaner2": {
          "BaO": 0.7061676613759709,
          "CaO": 0.5919176861511259,
          "REO": 0.4166328888085499,
          "SrO": 0.5773697860306681,
          "inert_gangue": 0.0
        },
        "cleaners34": {
          "BaO": 0.01665831993315123,
          "CaO": 0.042720530151145894,
          "REO": 0.37947275972803185,
          "SrO": 0.07946018608113137,
          "inert_gangue": 0.990000000000001
        },
        "rougher": {
          "BaO": 0.17594586776826207,
          "CaO": 0.2077694101392261,
          "REO": 0.9422575464104144,
          "SrO": 0.5375025984824862,
          "inert_gangue": 0.2697374563763237
        },
        "scavenger": {
          "BaO": 0.4145190135542168,
          "CaO": 0.4427069982055883,
          "REO": 0.9364168823180042,
          "SrO": 0.7329819277108433,
          "inert_gangue": 0.540447504302926
        }
      }
    },
    "table1_product_fit": {
      "description": "Keeps Table 2 assayed-component recoveries fixed, but calibrates the unmeasured inert_gangue recoveries in Cleaner 2 and Cleaners 3&4 so the example flowsheet reproduces the Table 1 final product envelope.",
      "initial_streams": {
        "cleaner1_concentrate": {
          "BaO": 15.671333536297963,
          "CaO": 32.2381626202906,
          "REO": 222.82804833404518,
          "SrO": 38.56423354470189,
          "inert_gangue": 126.64436298176463
        },
        "cleaner1_feed": {
          "BaO": 36.615265271724205,
          "CaO": 69.47879875062628,
          "REO": 298.29725345923043,
          "SrO": 67.4199887145138,
          "inert_gangue": 230.56763932459637
        },
        "cleaner1_tails": {
          "BaO": 20.94393173542625,
          "CaO": 37.240636130335695,
          "REO": 75.46920512518531,
          "SrO": 28.85575516981191,
          "inert_gangue": 103.92327634283177
        },
        "cleaner2_concentrate": {
          "BaO": 41.39895104474357,
          "CaO": 49.31516322641917,
          "REO": 134.0842863520236,
          "SrO": 52.78222764785848,
          "inert_gangue": 239.27878000388168
        },
        "cleaner2_feed": {
          "BaO": 56.32510346223616,
          "CaO": 79.28482833829449,
          "REO": 308.2397387402842,
          "SrO": 87.38779411897097,
          "inert_gangue": 346.7808405853358
        },
        "cleaner2_tails": {
          "BaO": 14.926152417492577,
          "CaO": 29.96966511187532,
          "REO": 174.15545238826056,
          "SrO": 34.60556647111251,
          "inert_gangue": 107.50206058145412
        },
        "cleaners34_concentrate": {
          "BaO": 0.7451811188053841,
          "CaO": 2.268497508415282,
          "REO": 48.67259594578458,
          "SrO": 3.9586670735893854,
          "inert_gangue": 19.142302400310534
        },
        "cleaners34_tails": {
          "BaO": 40.653769925938185,
          "CaO": 47.04666571800389,
          "REO": 85.41169040623905,
          "SrO": 48.82356057426909,
          "inert_gangue": 220.13647760357117
        },
        "final_tails": {
          "BaO": 114.5218188811946,
          "CaO": 172.2110024915847,
          "REO": 12.1189040542154,
          "SrO": 35.51633292641062,
          "inert_gangue": 380.34469759968954
        },
        "rougher_concentrate": {
          "BaO": 21.68911285423163,
          "CaO": 39.509133638750974,
          "REO": 124.1418010709699,
          "SrO": 32.814422243401296,
          "inert_gangue": 123.0655787431423
        },
        "rougher_feed": {
          "BaO": 123.93778773846645,
          "CaO": 190.8653798973477,
          "REO": 131.50614520229865,
          "SrO": 60.65512429464194,
          "inert_gangue": 455.63040283921634
        },
        "rougher_tails": {
          "BaO": 102.24867488423482,
          "CaO": 151.3562462585967,
          "REO": 7.36434413132873,
          "SrO": 27.840702051240648,
          "inert_gangue": 332.564824096074
        },
        "scavenger_concentrate": {
          "BaO": 8.670787738466466,
          "CaO": 16.385879897347706,
          "REO": 70.71464520229864,
          "SrO": 21.180124294641942,